{
  "accuracy": 0.6918,
  "precision": 0.3259,
  "recall": 0.7737,
  "f1_score": 0.4587,
  "roc_auc": 0.7862,
  "feature_importance": {
    "recency_score": 0.5034872373495101,
    "frequency_score": -0.16823771645652885,
    "monetary_score": 0.03300390806146735,
    "engagement_score": 0.06766588783103614,
    "tenure_days": -0.004426893845598724,
    "activity_trend": 0.0,
    "avg_transaction_value": -0.017833594736423444,
    "days_between_transactions": -0.0016362461208638795
  },
  "model_type": "logistic_regression",
  "train_samples": 4504,
  "test_samples": 1126,
  "total_samples": 5630,
  "churn_rate": 0.1684
}